#Name,l_deg,b_deg,RA_deg,Dec_deg,dRA_asec,dDec_asec,Peak_mJybm,dPeak_mJybm,Flux_mJy,dFlux_mJy,Angscale_asec,dAngscale_asec,AngscaleDecon_asec,gaussMajor_asec,dGaussMajor_asec,gaussMinor_asec,dGaussMminor_asec,gaussPosangle_deg,dGaussPosangle_deg,RMS_mJybm,Sky_mJybm,Sigma,mType,fArtefact,fCluster,fEdge,fHiNoise,fHi5Sig,fNearBright,fSmoothWeighting,fOverlap7sig,fOverlap5sig,Ratio_Integrated_to_Peak,CORNISH,Distance (kpc),Physical size
G010.3009-00.1477,10.30088,-0.1477,272.23311,-20.09871,0.14,0.14,56.37,5.04,631.39,59.3,5.452,0.007,5.2,,,,,,,0.87,0.043,64.1,P,0,1,0,1,1,0,1,0,0,11.200816,G010.3009-00.1477,2.4,0.06343684
G010.3204-00.2586,10.32042,-0.25857,272.34701,-20.13525,0.11,0.12,14.61,1.5,18.2,2.26,1.674,0.069,,1.869,0.118,1.5,0.079,175.565,8.953,0.71,-0.117,20.7,G,0,0,0,1,0,0,0,0,0,1.2457222,G010.3204-00.2586,3.5,0.028405206
G010.4724+00.0275,10.47236,0.0275,272.15907,-19.86382,0.56,0.54,22.34,2.01,38.43,4.38,2.243,0.018,1.7,,,,,,,0.41,-0.01,53.2,P,0,1,0,0,1,0,0,1,0,1.7202327,G010.4724+00.0275,11.0,0.11961797
G010.4736+00.0274,10.47363,0.02744,272.15965,-19.86267,0.9,0.93,12.3,1.14,19.3,2.39,2.028,0.025,1.4,,,,,,,0.41,-0.002,28.8,P,0,1,0,0,1,0,0,1,0,1.5691056,G010.4736+00.0274,11.0,0.108152136
G010.6218-00.3848,10.6218,-0.38476,272.61978,-19.93235,0.73,0.66,16.81,1.58,37.06,4.04,2.292,0.021,1.7,,,,,,,0.64,-0.096,25.1,P,0,1,0,1,1,0,1,1,0,2.2046402,G010.6218-00.3848,2.4,0.026668608
G010.6223-00.3788,10.62231,-0.37877,272.61473,-19.92937,0.16,0.15,97.9,8.72,483.33,49.87,5.758,0.013,5.6,,,,,,,0.61,-0.013,158.9,P,0,1,0,1,1,0,1,1,0,4.9369764,G010.6223-00.3788,2.4,0.06699731
G010.6234-00.3837,10.6234,-0.38369,272.6196,-19.93031,0.1,0.1,305.58,27.2,1952.22,176.18,4.638,0.002,4.4,,,,,,,0.64,-0.078,477.1,P,0,1,0,1,1,0,1,1,0,6.3885727,G010.6234-00.3837,2.4,0.053965535
G010.6240-00.3813,10.62398,-0.38128,272.61745,-19.92877,0.44,0.43,38.23,3.44,71.65,7.24,2.083,0.012,1.4,,,,,,,0.63,-0.051,59.6,P,0,1,0,1,1,0,1,1,0,1.8741826,G010.6240-00.3813,2.4,0.024236782
G010.6297-00.3380,10.62969,-0.33799,272.58012,-19.90292,0.24,0.34,4.98,0.71,26.39,4.29,3.453,0.31,3.1,4.124,0.552,2.892,0.346,164.642,13.199,0.55,0.025,8.5,G,0,0,0,1,1,0,1,0,0,5.2991967,G010.6297-00.3380,4.95,0.08286597
G010.9584+00.0221,10.95839,0.02206,272.4141,-19.4411,0.16,0.16,109.11,9.72,195.97,18.33,2.201,0.004,1.6,,,,,,,0.4,0.04,269.8,P,0,0,0,0,1,0,0,0,1,1.7960774,G010.9584+00.0221,13.7,0.14618912
G010.9656+00.0089,10.96557,0.00889,272.42943,-19.44128,0.54,0.52,7.86,0.74,51.75,6.1,4.883,0.03,4.6,,,,,,,0.44,-0.052,17.0,P,0,0,0,0,1,0,1,0,1,6.583969,G010.9656+00.0089,2.7,0.06391826
G011.0328+00.0274,11.03283,0.02738,272.4473,-19.37342,0.15,0.19,3.58,0.49,5.69,1.06,1.891,0.155,1.2,2.236,0.29,1.599,0.161,153.839,11.698,0.34,-0.009,9.8,G,0,0,0,0,1,0,1,0,0,1.5893855,G011.0328+00.0274,2.6,0.023836326
G011.1104-00.3985,11.11043,-0.39851,272.88328,-19.51157,0.13,0.13,51.55,4.59,305.37,28.55,8.355,0.01,8.2,,,,,,,0.38,-0.046,135.0,P,0,0,0,0,0,0,0,0,0,5.9237633,G011.1104-00.3985,16.8,0.6805032
G011.9032-00.1407,11.90321,-0.14074,273.04691,-18.69187,0.19,0.19,5.59,0.65,25.57,3.3,3.208,0.192,2.8,3.494,0.304,2.946,0.242,139.238,18.816,0.43,0.012,13.9,G,0,1,0,0,0,0,1,1,0,4.5742397,G011.9032-00.1407,4.1,0.06376651
G011.9039-00.1411,11.90393,-0.14108,273.0476,-18.6914,0.11,0.11,11.11,1.1,16.81,1.88,1.845,0.064,1.1,1.855,0.092,1.835,0.09,150.497,90.0,0.43,0.032,25.3,G,0,1,0,0,0,0,1,1,0,1.5130513,G011.9039-00.1411,4.1,0.036673695
G011.9368-00.6158,11.93677,-0.61577,273.50458,-18.88987,0.1,0.1,163.93,14.59,1155.9,105.38,5.886,0.003,5.7,,,,,,,0.35,-0.001,470.9,P,0,0,0,0,1,0,1,0,0,7.051181,G011.9368-00.6158,4.0,0.11414443
G011.9446-00.0369,11.94458,-0.03686,272.97191,-18.60485,0.11,0.12,61.58,5.48,943.58,98.5,14.64,0.014,14.6,,,,,,,0.46,-0.02,134.3,P,0,0,0,1,0,0,1,0,0,15.322832,G011.9446-00.0369,12.6,0.8943059
G012.1988-00.0345,12.1988,-0.03447,273.09839,-18.38157,0.11,0.11,19.68,1.82,62.71,5.92,2.677,0.061,2.2,2.739,0.088,2.618,0.083,9.5,22.175,0.49,0.005,39.2,G,0,0,0,1,0,0,1,0,0,3.1864836,G012.1988-00.0345,11.9,0.15444356
G012.2081-00.1019,12.20806,-0.10189,273.16539,-18.40592,0.18,0.18,72.18,6.43,207.87,19.73,2.841,0.006,2.4,,,,,,,0.48,-0.004,149.5,P,0,0,0,1,0,0,1,0,0,2.8798835,G012.2081-00.1019,13.6,0.18732022
G012.4294-00.0479,12.4294,-0.04791,273.22738,-18.18573,0.11,0.11,13.78,1.29,45.17,4.35,2.716,0.069,2.3,2.852,0.103,2.587,0.091,113.008,12.016,0.38,-0.011,40.2,G,0,0,0,0,0,0,0,0,0,3.277939,G012.4294-00.0479,13.9,0.18302862
G012.4317-01.1112,12.43168,-1.1112,274.21336,-18.69117,0.54,0.54,9.67,0.91,69.01,9.5,4.398,0.032,4.1,,,,,,,0.5,-0.026,18.4,P,0,0,0,1,1,0,0,0,0,7.1365047,G012.4317-01.1112,4.1,0.087420546
G012.8050-00.2007,12.805,-0.20067,273.55816,-17.92913,0.1,0.1,287.9,25.63,12616.4,1120.83,16.225,0.005,16.2,,,,,,,3.8,0.274,74.7,P,0,0,0,1,0,0,0,0,0,43.822163,G012.8050-00.2007,2.1,0.16518798
G012.8131-00.1976,12.8131,-0.19759,273.55902,-17.92105,0.2,0.25,131.04,11.82,1500.39,147.3,5.431,0.012,5.2,,,,,,,3.84,0.118,33.2,P,0,0,0,1,0,0,0,0,0,11.449863,G012.8131-00.1976,2.1,0.05529343
G012.9995-00.3583,12.99951,-0.3583,273.80075,-17.83354,0.27,0.3,4.76,0.74,20.14,3.7,3.086,0.319,2.7,3.247,0.483,2.933,0.42,159.669,56.331,0.64,-0.105,8.6,G,0,0,0,1,0,0,1,0,0,4.231092,G012.9995-00.3583,1.9,0.028426537
G013.2099-00.1428,13.20989,-0.14281,273.70837,-17.54569,0.11,0.11,40.72,3.63,946.76,87.46,8.347,0.005,8.2,,,,,,,0.43,-0.077,94.3,P,0,0,0,0,0,0,0,0,0,23.25049,G013.2099-00.1428,4.6,0.18614985
G013.3850+00.0684,13.38496,0.06835,273.60252,-17.29232,0.12,0.12,10.49,0.94,603.94,60.83,19.177,0.015,19.1,,,,,,,0.54,0.201,18.3,P,0,0,0,1,0,0,0,0,0,57.57293,G013.3850+00.0684,1.9,0.17664799
G013.8726+00.2818,13.87258,0.28179,273.6492,-16.76033,0.11,0.11,24.71,2.21,1447.55,129.84,15.43,0.009,15.4,,,,,,,0.87,0.043,27.5,P,0,0,0,1,0,0,0,0,0,58.58155,G013.8726+00.2818,4.4,0.32914943
G014.2460-00.0728,14.24596,-0.07284,274.15956,-16.60171,0.5,0.5,11.4,1.04,51.26,6.18,3.935,0.026,3.6,,,,,,,0.39,-0.018,28.6,P,0,0,0,0,0,0,0,0,0,4.4964914,G014.2460-00.0728,11.6,0.22129785
G014.5988+00.0198,14.59881,0.01985,274.2492,-16.24706,0.16,0.27,2.89,0.48,4.39,1.09,1.848,0.213,1.1,2.277,0.426,1.5,0.202,6.654,12.569,0.38,-0.017,7.3,G,0,0,0,0,1,0,0,0,0,1.519031,G014.5988+00.0198,2.8,0.025086176
G014.7785-00.3328,14.77849,-0.33278,274.66124,-16.25621,1.0,0.99,11.02,1.02,18.25,2.47,2.305,0.032,1.8,,,,,,,0.39,-0.012,27.6,P,0,0,0,0,0,0,0,0,0,1.6560798,G014.7785-00.3328,13.1,0.1463918
G016.1448+00.0088,16.14482,0.00876,275.01917,-14.89054,0.1,0.11,13.02,1.23,14.76,1.55,1.597,0.044,,1.7,0.069,1.5,0.056,145.899,10.211,0.48,-0.328,26.1,G,0,0,0,1,0,0,1,0,0,1.1336405,G016.1448+00.0088,12.4,0.09600659
G016.9445-00.0738,16.94449,-0.07379,275.48343,-14.22393,0.11,0.11,97.73,8.7,519.34,47.78,3.458,0.003,3.1,,,,,,,0.31,0.047,312.3,P,0,0,0,0,0,0,1,0,0,5.3140287,G016.9445-00.0738,17.0,0.2850023
G017.0299-00.0696,17.02987,-0.06955,275.52106,-14.14664,0.26,0.26,2.12,0.32,5.38,1.06,2.388,0.241,1.9,3.216,0.528,1.773,0.208,135.976,7.43,0.26,0.015,8.9,G,0,0,0,0,0,0,1,0,0,2.537736,G017.0299-00.0696,10.4,0.12040433
G017.1141-00.1124,17.11407,-0.11236,275.60081,-14.09242,0.19,0.14,4.82,0.55,17.21,2.19,2.835,0.157,2.4,3.294,0.274,2.44,0.179,92.23,9.394,0.33,0.063,16.0,G,0,0,0,0,0,0,0,0,0,3.570539,G017.1141-00.1124,10.4,0.14294232
G017.5549+00.1654,17.55493,0.16536,275.56158,-13.57277,0.17,0.19,3.29,0.44,7.13,1.22,2.208,0.175,1.6,2.359,0.275,2.067,0.223,5.945,32.395,0.3,-0.006,10.9,G,0,0,0,0,0,0,0,0,0,2.1671734,G017.5549+00.1654,14.1,0.15093593
G017.9850+00.1266,17.98501,0.12662,275.80424,-13.21118,0.35,0.41,1.85,0.32,10.42,2.07,3.558,0.431,3.2,3.818,0.668,3.316,0.556,1.947,47.633,0.28,-0.01,8.1,G,0,0,0,0,0,0,0,0,0,5.6324325,G017.9850+00.1266,0.0,0.0
G018.1460-00.2839,18.14602,-0.2839,276.2532,-13.25764,0.12,0.12,10.54,0.94,856.18,82.85,23.421,0.02,23.4,,,,,,,0.6,-0.035,16.5,P,0,0,0,1,0,0,1,0,0,81.2315,G018.1460-00.2839,4.3,0.48825687
G018.3024-00.3910,18.30241,-0.39103,276.42626,-13.17194,0.1,0.1,48.02,4.27,1277.88,114.83,14.634,0.004,14.6,,,,,,,0.29,-0.019,164.5,P,0,0,0,0,0,0,1,0,0,26.611412,G018.3024-00.3910,3.0,0.2128427
G018.4433-00.0056,18.44328,-0.00558,276.14443,-12.86818,0.1,0.1,31.48,2.82,81.31,7.3,2.411,0.037,1.9,2.421,0.053,2.4,0.053,179.09,42.011,0.24,-0.016,124.1,G,0,0,0,0,0,0,0,0,0,2.5829098,G018.4433-00.0056,12.0,0.14026617
G018.4614-00.0038,18.46141,-0.00378,276.15139,-12.85133,0.11,0.11,121.64,10.83,342.12,31.5,2.759,0.003,2.3,,,,,,,0.24,-0.006,499.7,P,0,0,0,0,0,0,0,0,0,2.8125618,G018.4614-00.0038,12.1,0.16184957
G018.6654+00.0294,18.66539,0.02935,276.21925,-12.65552,0.12,0.14,4.19,0.48,5.65,0.85,1.742,0.101,,1.923,0.169,1.578,0.118,23.947,14.702,0.29,-0.041,13.8,G,0,0,0,0,0,0,0,0,0,1.3484486,G018.6654+00.0294,10.9,0.09205536
G018.7106+00.0002,18.71061,2.2E-4,276.26724,-12.62916,0.21,0.2,71.64,6.38,107.46,10.62,2.042,0.007,1.4,,,,,,,0.32,-0.017,222.6,P,0,0,0,0,0,0,0,0,0,1.5,G018.7106+00.0002,2.6,0.025739701
G018.7612+00.2630,18.76118,0.26298,276.05359,-12.46157,0.1,0.1,36.07,3.24,51.38,4.67,1.79,0.03,,1.842,0.043,1.74,0.04,75.82,8.333,0.45,-0.192,78.9,G,0,0,0,1,0,0,1,0,0,1.4244525,G018.7612+00.2630,14.0,0.1214942
G018.8250-00.4675,18.82499,-0.46749,276.74605,-12.74616,0.22,0.25,4.02,0.61,11.41,2.17,2.527,0.25,2.0,2.892,0.431,2.208,0.286,33.004,19.0,0.48,0.337,7.5,G,0,0,0,1,0,0,1,0,0,2.8383083,G018.8250-00.4675,4.5,0.055130538
G018.8338-00.3002,18.83384,-0.30024,276.59838,-12.66131,0.16,0.16,29.02,2.58,131.38,13.35,6.718,0.012,6.5,,,,,,,0.21,0.008,140.3,P,0,0,0,0,1,0,0,0,0,4.5272226,G018.8338-00.3002,12.6,0.4103789
G019.0035+00.1280,19.00347,0.12803,276.29172,-12.31051,0.3,0.37,1.91,0.35,6.41,1.52,2.751,0.372,2.3,3.069,0.616,2.466,0.448,23.858,33.142,0.28,-0.01,7.1,G,0,0,0,0,0,0,0,0,0,3.356021,G019.0035+00.1280,11.3,0.1507105
G019.0754-00.2874,19.07543,-0.28737,276.7018,-12.44112,0.15,0.14,23.43,2.09,380.69,37.06,8.489,0.013,8.4,,,,,,,0.5,-0.046,45.6,P,0,1,0,1,0,0,1,1,0,16.247972,G019.0754-00.2874,4.6,0.18931665
G019.0767-00.2882,19.07672,-0.2882,276.70364,-12.43985,0.25,0.27,62.94,5.61,129.48,13.15,2.527,0.01,2.0,,,,,,,0.49,-0.075,128.1,P,0,1,0,1,0,0,1,1,0,2.0571973,G019.0767-00.2882,4.6,0.05635566
G019.4752+00.1728,19.47525,0.17281,276.47628,-11.87262,0.6,0.59,7.03,0.66,37.22,4.56,3.743,0.028,3.4,,,,,,,0.35,-0.041,19.2,P,0,0,0,0,0,0,0,0,0,5.294452,G019.4752+00.1728,14.1,0.2558665
G019.6087-00.2351,19.60873,-0.23507,276.90944,-11.94335,0.1,0.1,153.16,13.63,2900.88,260.93,13.108,0.003,13.0,,,,,,,0.56,0.041,273.7,P,0,1,0,1,1,0,0,1,0,18.940191,G019.6087-00.2351,12.7,0.8070763
G019.6090-00.2313,19.60899,-0.23126,276.90585,-11.94221,0.22,0.21,89.71,7.99,259.95,26.87,3.84,0.011,3.5,,,,,,,0.58,0.039,153.4,P,0,1,0,1,1,0,0,1,0,2.8976705,G019.6090-00.2313,12.7,0.2364337
G019.7281-00.1135,19.72806,-0.11354,276.85563,-11.78231,0.53,0.53,6.16,0.57,26.23,3.09,3.364,0.023,3.0,,,,,,,0.22,-0.006,26.6,P,0,0,0,0,1,0,0,0,0,4.2581167,G019.7281-00.1135,4.3,0.07012921
G019.7549-00.1282,19.7549,-0.12817,276.88169,-11.7652,0.1,0.1,30.71,2.74,36.52,3.29,1.636,0.025,,1.696,0.037,1.578,0.034,44.489,4.381,0.25,-0.009,121.5,G,0,0,0,0,1,0,0,0,0,1.1891892,G019.7549-00.1282,9.3,0.07376336
G020.0720-00.1421,20.07196,-0.14208,277.04491,-11.49079,0.18,0.14,39.74,3.54,210.13,21.54,5.386,0.013,5.2,,,,,,,0.39,-0.043,101.1,P,0,1,0,0,0,0,0,1,0,5.2876196,G020.0720-00.1421,12.6,0.3290117
G020.0797-00.1337,20.07973,-0.13366,277.04088,-11.48019,0.15,0.13,6.74,0.76,14.09,1.91,2.168,0.12,1.6,2.418,0.201,1.945,0.142,105.471,12.913,0.47,0.012,13.5,G,0,1,0,1,0,0,0,1,0,2.0905046,G020.0797-00.1337,12.6,0.13243546
G020.0809-00.1362,20.0809,-0.13617,277.04343,-11.48024,0.11,0.12,137.0,12.2,498.19,45.06,2.977,0.002,2.6,,,,,,,0.39,-0.043,349.1,P,0,1,0,0,0,0,0,1,0,3.6364233,G020.0809-00.1362,12.6,0.18185441
G020.3633-00.0136,20.36326,-0.01355,277.06668,-11.17339,0.38,0.38,16.35,1.47,55.11,5.93,2.926,0.015,2.5,,,,,,,0.33,0.002,48.8,P,0,0,0,0,0,0,0,0,0,3.3706422,G020.3633-00.0136,3.9,0.055323977
G020.7619-00.0646,20.7619,-0.06464,277.30151,-10.844,0.28,0.22,3.72,0.6,10.03,2.08,2.463,0.269,2.0,2.769,0.454,2.19,0.317,106.74,24.531,0.5,0.164,7.3,G,0,0,0,1,0,0,1,0,0,2.6962364,G020.7619-00.0646,11.8,0.1409032
G020.9636-00.0744,20.96361,-0.07435,277.40552,-10.66981,0.15,0.25,4.11,0.55,11.28,1.84,2.486,0.197,2.0,3.109,0.385,1.987,0.195,179.638,8.416,0.37,0.02,10.4,G,0,0,0,0,0,0,0,0,0,2.7445254,G020.9636-00.0744,13.2,0.15909243
G021.3571-00.1766,21.35708,-0.17658,277.6831,-10.36851,0.1,0.1,15.35,1.4,24.93,2.34,1.912,0.038,1.2,1.999,0.058,1.828,0.051,119.144,8.762,0.28,-0.006,53.4,G,0,0,0,0,1,0,0,0,0,1.6241043,G021.3571-00.1766,10.3,0.09547718
G021.3855-00.2541,21.38554,-0.25408,277.76635,-10.37924,0.21,0.21,62.56,5.57,113.91,11.24,2.22,0.007,1.6,,,,,,,0.33,-0.019,186.9,P,0,0,0,0,1,0,0,0,0,1.820812,G021.3855-00.2541,10.3,0.110857405
G021.6034-00.1685,21.60344,-0.16854,277.79167,-10.14628,1.07,1.03,4.17,0.43,19.84,3.45,3.742,0.053,3.4,,,,,,,0.33,-0.001,11.7,P,0,0,0,0,0,0,0,0,0,4.757794,G021.6034-00.1685,16.2,0.29389572
G021.8751+00.0075,21.87515,0.00752,277.76035,-9.82522,0.11,0.11,19.52,1.74,566.73,54.14,11.479,0.009,11.4,,,,,,,0.33,-0.012,57.6,P,0,0,0,0,0,0,0,0,0,29.033297,G021.8751+00.0075,13.8,0.7679936
G023.1974-00.0006,23.19742,-5.9E-4,278.38714,-8.65511,0.16,0.17,4.34,0.54,10.01,1.54,2.277,0.157,1.7,2.415,0.243,2.148,0.202,0.867,31.774,0.35,-0.016,11.6,G,0,0,0,0,0,0,0,0,0,2.3064516,G023.1974-00.0006,4.8,0.052988146
G023.2654+00.0765,23.26542,0.07647,278.34964,-8.55957,0.29,0.29,19.24,1.72,88.57,9.87,4.585,0.017,4.3,,,,,,,0.32,-0.007,59.4,P,0,0,0,0,1,0,0,0,0,4.6034303,G023.2654+00.0765,4.9,0.108920574
G023.4553-00.2010,23.45526,-0.20096,278.68716,-8.51864,0.11,0.11,11.02,1.07,14.39,1.56,1.714,0.054,,1.797,0.082,1.635,0.07,28.843,16.287,0.4,-0.071,28.5,G,0,0,0,0,0,0,1,0,0,1.3058076,G023.4553-00.2010,5.8,0.048196252
G023.4835+00.0964,23.4835,0.09643,278.43349,-8.35653,0.16,0.19,4.01,0.53,8.23,1.39,2.149,0.166,1.5,2.351,0.271,1.964,0.202,167.878,22.552,0.36,-0.02,11.4,G,0,0,0,0,0,0,0,0,0,2.0523689,G023.4835+00.0964,5.2,0.054176904
G023.7110+00.1705,23.71104,0.17046,278.47279,-8.12047,0.22,0.22,30.76,2.76,208.5,20.34,4.69,0.012,4.4,,,,,,,0.6,-0.081,50.7,P,0,0,0,1,0,0,0,1,0,6.7782836,G023.7110+00.1705,6.5,0.1477953
G023.8618-00.1250,23.86176,-0.12501,278.80812,-8.12308,0.86,0.84,6.43,0.64,39.16,6.29,4.048,0.045,3.8,,,,,,,0.48,-0.047,12.6,P,0,0,0,1,0,0,1,0,0,6.0902023,G023.8618-00.1250,10.7,0.20999005
G023.8985+00.0647,23.89848,0.06474,278.65513,-8.00286,0.21,0.26,5.8,0.68,43.42,5.45,4.104,0.249,3.8,4.924,0.439,3.42,0.281,24.566,8.664,0.45,0.051,14.4,G,0,0,0,0,0,0,0,0,0,7.4862065,G023.8985+00.0647,12.6,0.25069886
G023.9564+00.1493,23.95642,0.14928,278.60501,-7.91273,0.1,0.1,42.72,3.8,1161.18,104.78,13.142,0.005,13.1,,,,,,,0.44,-0.015,95.3,P,0,0,0,0,0,0,0,0,0,27.181181,G023.9564+00.1493,5.0,0.31857076
G024.1839+00.1199,24.18394,0.11994,278.73838,-7.72405,0.14,0.18,3.0,0.42,3.79,0.79,1.686,0.147,,1.856,0.247,1.531,0.173,168.289,23.22,0.3,0.017,8.9,G,0,0,0,0,0,0,0,0,0,1.2633333,G024.1839+00.1199,7.8,0.06375682
G024.4921-00.0386,24.49208,-0.03857,279.02371,-7.52313,0.2,0.19,19.3,1.73,140.12,13.5,4.437,0.01,4.2,,,,,,,0.35,-0.017,54.2,P,0,0,0,0,0,0,0,0,0,7.2601037,G024.4921-00.0386,6.3,0.13552032
G024.5065-00.2224,24.50653,-0.22238,279.19503,-7.59474,0.18,0.18,15.0,1.35,205.57,19.72,6.188,0.012,6.0,,,,,,,0.43,-0.048,34.0,P,0,0,0,0,0,0,1,0,0,13.704667,G024.5065-00.2224,5.8,0.17400141
G025.3809-00.1815,25.38091,-0.18154,279.56249,-6.80033,0.16,0.16,28.64,2.57,460.83,42.66,8.456,0.013,8.3,,,,,,,0.87,-0.037,32.0,P,0,1,0,1,1,0,0,1,1,16.090433,G025.3809-00.1815,2.7,0.11068869
G025.3824-00.1812,25.38243,-0.18123,279.5636,-6.79794,0.28,0.32,36.62,3.32,200.13,20.03,3.436,0.013,3.1,,,,,,,0.91,-0.099,39.1,P,0,1,0,1,1,0,0,1,1,5.465047,G025.3824-00.1812,2.7,0.0449771
G025.3948+00.0332,25.39478,0.03324,279.37742,-6.68878,0.14,0.14,29.26,2.61,296.86,27.46,4.638,0.006,4.4,,,,,,,0.4,-0.032,71.6,P,0,0,0,0,0,0,1,0,0,10.145591,G025.3948+00.0332,17.1,0.38450438
G025.3970+00.5614,25.39695,0.5614,278.90599,-6.44398,0.18,0.18,78.34,6.98,121.17,11.53,2.036,0.005,1.4,,,,,,,0.32,0.008,240.1,P,0,1,0,0,0,0,1,1,0,1.5467194,G025.3970+00.5614,14.0,0.13819116
G025.3981-00.1411,25.39808,-0.14107,279.53447,-6.76616,0.11,0.11,125.02,11.13,2132.24,194.31,8.598,0.005,8.5,,,,,,,0.89,-0.039,139.4,P,0,1,0,1,1,0,0,0,0,17.055191,G025.3981-00.1411,5.6,0.23343174
G025.3983+00.5617,25.3983,0.56167,278.90638,-6.44267,0.1,0.1,18.55,1.69,51.93,4.82,2.51,0.051,2.0,2.576,0.074,2.446,0.069,91.519,15.588,0.33,-0.005,53.7,G,0,1,0,0,0,0,1,1,0,2.7994611,G025.3983+00.5617,14.0,0.17036337
G025.3991-00.1366,25.39914,-0.13658,279.53091,-6.76299,2.16,2.1,7.91,0.93,29.38,6.41,3.359,0.079,3.0,,,,,,,0.9,-0.077,7.8,P,0,1,0,1,1,0,0,0,0,3.7142856,G025.3991-00.1366,5.6,0.09119531
G025.7157+00.0487,25.71567,0.04868,279.51165,-6.3964,0.94,0.93,10.66,0.99,20.79,2.96,2.358,0.032,1.8,,,,,,,0.37,-0.006,27.7,P,0,0,0,0,0,0,1,0,0,1.9502815,G025.7157+00.0487,9.5,0.10860301
G025.8011-00.1568,25.80114,-0.15685,279.73485,-6.41482,0.1,0.1,22.54,2.04,31.95,2.96,1.786,0.033,,1.864,0.049,1.711,0.044,23.419,7.594,0.35,-0.014,63.3,G,0,0,0,0,0,0,0,0,0,1.41748,G025.8011-00.1568,5.6,0.048489083
G026.0916-00.0565,26.09161,-0.05651,279.77913,-6.11069,0.23,0.32,3.99,0.58,11.59,2.13,2.558,0.245,2.1,3.673,0.578,1.782,0.193,149.156,5.48,0.41,-0.035,11.3,G,0,1,0,0,0,0,0,1,0,2.904762,G026.0916-00.0565,13.1,0.16245997
G026.1094-00.0937,26.10935,-0.09366,279.82052,-6.11195,0.13,0.14,4.26,0.53,4.72,0.84,1.578,0.109,,1.661,0.169,1.5,0.139,14.591,35.972,0.36,-0.007,10.4,G,0,0,0,0,0,0,0,0,0,1.1079811,G026.1094-00.0937,13.3,0.101749696
G026.5976-00.0236,26.59757,-0.02358,279.98279,-5.64599,0.33,0.33,31.06,2.78,69.92,7.45,2.649,0.013,2.2,,,,,,,0.35,-0.011,88.1,P,0,0,0,0,1,0,0,0,0,2.2511268,G026.5976-00.0236,13.4,0.1720922
G026.6089-00.2121,26.60885,-0.21214,280.15628,-5.72225,0.18,0.18,25.51,2.27,201.41,21.67,6.525,0.014,6.4,,,,,,,0.33,-0.012,75.4,P,0,0,0,0,0,0,0,0,0,7.895335,G026.6089-00.2121,7.6,0.24041888
G027.1859-00.0816,27.18595,-0.0816,280.30528,-5.14941,0.11,0.11,10.8,1.07,19.78,2.17,2.03,0.071,1.4,2.113,0.107,1.95,0.094,39.288,22.162,0.39,-0.012,25.8,G,0,0,0,0,0,0,0,0,0,1.8314815,G027.1859-00.0816,13.2,0.12991056
G027.2800+00.1447,27.27996,0.14468,280.14653,-4.96268,0.12,0.12,41.16,3.67,428.04,42.07,5.745,0.007,5.5,,,,,,,0.32,-0.001,128.6,P,0,0,0,0,1,0,0,0,0,10.399417,G027.2800+00.1447,12.8,0.35651225
G027.3644-00.1657,27.3644,-0.16574,280.4624,-5.02921,0.34,0.33,31.44,2.81,60.14,6.13,2.262,0.011,1.7,,,,,,,0.36,-0.023,86.6,P,0,0,0,0,0,0,0,0,0,1.9128498,G027.3644-00.1657,8.0,0.0877318
G027.5637+00.0845,27.56372,0.08454,280.3308,-4.73907,0.22,0.2,5.96,0.54,162.53,18.81,12.278,0.031,12.2,,,,,,,0.35,-0.06,16.3,P,0,0,0,0,0,0,0,0,0,27.270134,G027.5637+00.0845,9.9,0.5893011
G027.9352+00.2056,27.93519,0.20564,280.39307,-4.35178,0.17,0.17,3.89,0.59,4.44,1.04,1.601,0.156,,1.688,0.243,1.519,0.199,45.11,49.583,0.43,0.04,7.8,G,0,0,0,0,0,0,0,0,0,1.1413882,G027.9352+00.2056,12.1,0.09391851
G028.1985-00.0503,28.19853,-0.05028,280.74224,-4.23469,0.19,0.18,33.62,3.0,136.26,12.94,3.048,0.007,2.7,,,,,,,0.36,0.008,91.5,P,0,1,0,0,1,0,0,0,0,4.0529447,G028.1985-00.0503,5.8,0.08570723
G028.2003-00.0494,28.20034,-0.04944,280.74215,-4.23264,0.17,0.17,99.1,8.82,161.66,15.59,2.192,0.006,1.6,,,,,,,0.36,-0.003,275.5,P,0,1,0,0,1,0,0,0,0,1.6312816,G028.2003-00.0494,5.8,0.061637215
G028.2879-00.3641,28.28789,-0.36409,281.06292,-4.29888,0.12,0.12,98.0,8.73,552.77,51.9,4.607,0.005,4.4,,,,,,,0.46,0.027,214.2,P,0,0,0,1,0,0,1,0,0,5.6405106,G028.2879-00.3641,11.6,0.25909
G028.4518+00.0027,28.45179,0.00273,280.81087,-3.98517,0.11,0.11,14.14,1.31,33.75,3.22,2.318,0.053,1.8,2.373,0.077,2.264,0.073,76.894,21.495,0.32,-0.003,43.4,G,0,0,0,0,0,0,0,0,0,2.3868458,G028.4518+00.0027,16.5,0.18542652
G028.5816+00.1447,28.58159,0.14471,280.74357,-3.8048,0.84,0.83,3.95,0.41,40.03,7.76,5.306,0.058,5.1,,,,,,,0.41,-0.015,8.7,P,0,0,0,0,0,0,0,0,0,10.134177,G028.5816+00.1447,16.5,0.42444915
G028.6082+00.0185,28.6082,0.01854,280.86868,-3.83865,0.17,0.16,41.36,3.69,210.15,20.28,3.62,0.007,3.3,,,,,,,0.38,0.031,107.2,P,0,0,0,0,0,0,0,0,0,5.080996,G028.6082+00.0185,7.5,0.13162678
G028.6523+00.0273,28.65235,0.02726,280.88088,-3.79593,0.16,0.16,16.62,1.49,228.85,22.02,5.657,0.009,5.5,,,,,,,0.38,-0.006,42.7,P,0,0,0,0,0,0,0,0,0,13.769554,G028.6523+00.0273,7.5,0.20569412
G028.6869+00.1770,28.68689,0.17702,280.76346,-3.69605,0.28,0.28,12.67,1.14,102.98,11.05,5.278,0.018,5.1,,,,,,,0.38,0.003,32.4,P,0,0,0,0,0,0,0,0,0,8.127861,G028.6869+00.1770,9.8,0.25076672
G029.9559-00.0168,29.95585,-0.01677,281.51741,-2.65591,0.11,0.11,196.18,17.46,3116.2,296.94,9.618,0.007,9.5,,,,,,,1.33,-0.103,147.0,P,0,0,0,1,0,0,0,0,0,15.884392,G029.9559-00.0168,7.4,0.3450571
G030.0096-00.2734,30.00965,-0.27344,281.76963,-2.72534,0.15,0.15,3.91,0.54,4.54,0.94,1.616,0.135,,1.738,0.219,1.503,0.166,49.884,30.144,0.39,0.01,9.7,G,0,0,0,0,0,0,0,0,0,1.1611253,G030.0096-00.2734,7.4,0.057975907
G030.2527+00.0540,30.25268,0.05402,281.58922,-2.35981,0.27,0.26,7.35,0.67,96.79,10.2,5.808,0.018,5.6,,,,,,,0.34,-0.017,20.6,P,0,0,0,0,0,0,0,0,0,13.168708,G030.2527+00.0540,10.2,0.28721112
G030.5313+00.0205,30.53134,0.02053,281.74659,-2.12679,0.35,0.29,8.76,0.8,85.54,9.65,5.543,0.023,5.3,,,,,,,0.41,0.0,20.6,P,0,1,0,0,0,0,1,1,0,9.76484,G030.5313+00.0205,11.4,0.30635443
G030.5353+00.0204,30.53526,0.02038,281.74732,-2.12352,0.11,0.11,80.02,7.12,710.36,66.36,6.3,0.005,6.1,,,,,,,0.41,-0.019,196.0,P,0,1,0,0,0,0,1,1,0,8.877281,G030.5353+00.0204,11.4,0.34819287
G030.5887-00.0428,30.58875,-0.04278,281.82866,-2.10479,0.1,0.1,65.1,5.83,92.37,8.33,1.787,0.028,,1.912,0.043,1.67,0.037,179.285,2.695,0.65,-0.275,98.8,G,0,0,0,1,0,0,1,0,0,1.418894,G030.5887-00.0428,11.8,0.10223062
G030.6881-00.0718,30.68815,-0.07177,281.90064,-2.03077,0.26,0.25,27.12,2.46,466.99,45.69,10.805,0.032,10.7,,,,,,,1.69,-0.288,15.1,P,0,0,0,1,0,0,0,0,0,17.219395,G030.6881-00.0718,4.9,0.25668195
G030.7197-00.0829,30.71968,-0.08286,281.92412,-2.0062,0.19,0.19,101.36,9.1,969.33,96.01,4.595,0.01,4.3,,,,,,,2.12,-0.192,47.0,P,0,0,0,1,0,0,1,0,0,9.56324,G030.7197-00.0829,4.9,0.10915812
G030.7532-00.0511,30.75315,-0.0511,281.91112,-1.96229,0.12,0.12,62.72,5.94,301.66,29.35,3.29,0.092,2.9,3.476,0.14,3.113,0.121,164.179,12.288,3.07,0.696,19.3,G,0,0,0,1,0,0,1,0,0,4.80963,G030.7532-00.0511,4.9,0.07815674
G030.8662+00.1143,30.8662,0.11429,281.81543,-1.78637,0.18,0.18,134.58,11.98,325.47,32.96,3.092,0.009,2.7,,,,,,,0.57,-0.107,235.9,P,0,1,0,1,1,0,0,0,0,2.418413,G030.8662+00.1143,11.9,0.17838606
G030.9581+00.0869,30.95809,0.08686,281.88171,-1.71707,1.17,1.17,6.56,0.67,25.79,4.68,3.204,0.05,2.8,,,,,,,0.47,-0.018,13.1,P,0,0,0,1,1,0,0,0,0,3.9314027,G030.9581+00.0869,11.8,0.18329433
G031.0495+00.4697,31.04949,0.46972,281.58275,-1.46096,0.11,0.11,9.63,0.94,13.64,1.49,1.785,0.058,,1.966,0.097,1.621,0.07,11.68,7.99,0.36,-0.009,26.0,G,0,0,0,0,0,0,0,0,0,1.4164071,G031.0495+00.4697,12.2,0.10557777
G031.0595+00.0922,31.05953,0.09221,281.92337,-1.62428,0.13,0.13,6.5,0.71,11.7,1.51,2.012,0.098,1.3,2.155,0.155,1.878,0.123,45.099,18.37,0.39,-0.024,16.4,G,0,0,0,0,0,0,0,0,0,1.8,G031.0595+00.0922,13.4,0.13070953
G031.1590+00.0465,31.15896,0.04647,282.00947,-1.55666,0.17,0.17,3.89,0.52,7.04,1.26,2.02,0.163,1.4,2.179,0.261,1.872,0.202,40.953,28.097,0.39,0.012,9.4,G,0,1,0,0,0,0,0,0,0,1.8097686,G031.1590+00.0465,2.7,0.026441714
G031.1596+00.0448,31.15958,0.04475,282.01128,-1.5569,0.1,0.1,18.7,1.71,23.83,2.28,1.693,0.036,,1.741,0.052,1.647,0.048,36.391,15.65,0.39,0.003,46.7,G,0,1,0,0,0,0,0,0,0,1.2743315,G031.1596+00.0448,2.7,0.022161296
G031.2435-00.1103,31.24347,-0.11034,282.18767,-1.55294,0.12,0.12,133.77,11.91,353.06,32.36,2.691,0.003,2.2,,,,,,,0.33,-0.01,409.9,P,0,1,0,0,0,0,0,1,0,2.639306,G031.2435-00.1103,13.0,0.16960222
G031.2448-00.1132,31.24476,-0.11324,282.19067,-1.5533,0.44,0.51,8.6,0.8,37.39,4.2,3.144,0.02,2.8,,,,,,,0.32,-0.002,25.6,P,0,1,0,0,0,0,0,0,0,4.3476744,G031.2448-00.1132,13.0,0.19815286
G031.2801+00.0632,31.28008,0.06322,282.04927,-1.44195,0.14,0.14,13.05,1.17,268.86,25.67,9.327,0.012,9.2,,,,,,,0.34,-0.012,37.5,P,0,0,0,0,0,0,0,0,0,20.602297,G031.2801+00.0632,7.1,0.32105154
G031.3959-00.2570,31.39586,-0.25697,282.38856,-1.48593,0.36,0.34,6.57,0.59,80.96,10.38,10.034,0.041,9.9,,,,,,,0.36,-0.016,17.2,P,0,0,0,0,0,0,0,0,0,12.322679,G031.3959-00.2570,9.1,0.4426801
G031.4130+00.3065,31.413,0.30647,281.89289,-1.21237,0.1,0.1,47.87,4.26,954.8,87.99,9.376,0.004,9.3,,,,,,,0.26,0.003,183.0,P,0,0,0,0,0,0,0,0,0,19.945686,G031.4130+00.3065,5.6,0.2545541
G031.5815+00.0744,31.58148,0.07443,282.17736,-1.16791,0.16,0.14,5.61,0.63,14.48,1.89,2.409,0.131,1.9,2.768,0.227,2.097,0.149,125.516,9.812,0.36,-0.007,14.8,G,0,0,0,0,0,0,0,0,0,2.581105,G031.5815+00.0744,7.2,0.084089875
G032.0297+00.0491,32.02967,0.04905,282.40438,-0.78062,0.4,0.23,3.3,0.44,26.68,3.82,4.267,0.339,4.0,5.518,0.653,3.3,0.349,90.188,7.832,0.39,-0.02,8.9,G,0,0,0,0,0,0,0,0,0,8.084848,G032.0297+00.0491,4.9,0.101366214
G032.1502+00.1329,32.15017,0.13287,282.38562,-0.63487,0.13,0.13,23.24,2.07,533.63,59.66,12.378,0.017,12.3,,,,,,,0.4,-0.004,56.5,P,0,0,0,0,0,0,0,0,0,22.961704,G032.1502+00.1329,7.2,0.43207327
G032.2730-00.2258,32.27298,-0.2258,282.75966,-0.69017,0.16,0.15,18.09,1.61,309.28,34.38,9.832,0.019,9.7,,,,,,,0.4,-0.022,43.9,P,0,0,0,0,0,0,0,0,0,17.096739,G032.2730-00.2258,12.8,0.6101355
G032.4727+00.2036,32.47274,0.20361,282.46894,-0.31585,0.25,0.24,49.71,4.43,97.38,9.67,2.263,0.008,1.7,,,,,,,0.37,0.009,132.7,P,0,0,0,0,0,0,0,0,0,1.958962,G032.4727+00.2036,11.1,0.12178169
G032.7398+00.1940,32.73977,0.19396,282.59924,-0.08257,0.16,0.16,3.04,0.45,3.39,0.78,1.585,0.149,,1.619,0.219,1.553,0.202,153.824,90.0,0.34,0.045,7.9,G,0,0,0,0,1,0,0,0,0,1.1151316,G032.7398+00.1940,12.9,0.09912734
G032.7492-00.0643,32.7492,-0.06427,282.83336,-0.19192,0.13,0.13,6.43,0.7,13.12,1.67,2.143,0.105,1.5,2.235,0.159,2.054,0.139,139.134,30.918,0.37,-0.01,16.4,G,0,0,0,0,0,0,0,0,0,2.0404356,G032.7492-00.0643,11.7,0.121557705
G032.7966+00.1909,32.79658,0.19091,282.62896,-0.03237,0.1,0.1,279.13,24.84,3123.37,281.38,10.013,0.002,9.9,,,,,,,0.39,-0.009,721.7,P,0,1,0,0,1,0,0,0,0,11.189661,G032.7966+00.1909,13.3,0.6456398
G032.7982+00.1937,32.79822,0.1937,282.62613,-0.03066,0.11,0.12,9.81,1.0,17.22,2.0,1.987,0.078,1.3,2.198,0.13,1.797,0.094,5.462,9.63,0.44,0.047,21.7,G,0,1,0,0,1,0,0,0,0,1.7553515,G032.7982+00.1937,13.3,0.12812208
G032.9273+00.6060,32.92726,0.60601,282.31789,0.27288,0.15,0.15,44.3,3.95,285.57,31.27,6.811,0.013,6.6,,,,,,,0.31,-0.008,141.2,P,0,0,0,0,0,0,0,0,0,6.4462757,G032.9273+00.6060,18.6,0.6141837
G033.1328-00.0923,33.13277,-0.09228,283.03355,0.13683,0.12,0.12,101.04,8.99,378.59,34.75,4.024,0.004,3.7,,,,,,,0.31,-0.023,327.6,P,0,0,0,0,0,0,0,0,0,3.7469318,G033.1328-00.0923,9.4,0.18338352
G033.4163-00.0036,33.41627,-0.00358,283.08464,0.43019,0.37,0.37,7.14,0.65,75.16,9.16,8.776,0.037,8.6,,,,,,,0.39,-0.012,17.3,P,0,0,0,0,0,0,0,0,0,10.526611,G033.4163-00.0036,9.4,0.39994377
G033.8100-00.1864,33.80997,-0.18643,283.42582,0.69644,0.23,0.23,57.46,5.12,107.63,10.51,2.189,0.007,1.6,,,,,,,0.38,-0.012,149.7,P,0,1,0,0,0,0,1,1,0,1.8731291,G033.8100-00.1864,11.1,0.11779942
G033.9145+00.1105,33.9145,0.11045,283.21011,0.92463,0.11,0.11,95.47,8.5,842.22,88.66,10.141,0.011,10.0,,,,,,,0.39,0.034,244.0,P,0,0,0,0,1,0,0,0,0,8.821829,G033.9145+00.1105,6.7,0.32940486
G034.0901+00.4365,34.09005,0.43652,282.99901,1.22972,1.97,2.07,3.95,0.46,9.62,1.9,2.405,0.062,1.9,,,,,,,0.39,-0.026,9.1,P,0,0,0,0,0,0,0,0,0,2.435443,G034.0901+00.4365,11.4,0.13292123
G034.1978-00.5912,34.19784,-0.59116,283.96296,0.85698,0.42,0.4,2.24,0.43,10.54,2.42,3.255,0.458,2.9,3.647,0.753,2.906,0.555,130.702,33.562,0.36,-0.017,7.2,G,0,0,0,0,0,0,0,0,0,4.705357,G034.1978-00.5912,10.3,0.16254091
G034.2572+00.1535,34.25724,0.15352,283.32667,1.24969,0.12,0.12,328.48,29.25,1762.63,163.28,5.755,0.007,5.6,,,,,,,1.66,-0.038,196.7,P,0,1,0,1,0,0,0,1,0,5.3660192,G034.2572+00.1535,2.1,0.058592103
G034.2573+00.1523,34.25725,0.15235,283.32829,1.24899,0.1,0.1,50.41,4.77,50.41,5.33,1.5,0.041,,1.5,0.058,1.5,0.058,169.923,90.0,1.66,-0.036,24.6,G,0,1,0,1,0,0,0,0,0,1.0,G034.2573+00.1523,2.1,0.015271615
G034.2581+00.1533,34.25811,0.1533,283.32783,1.25019,0.11,0.11,35.87,3.55,35.87,4.22,1.5,0.052,,1.5,0.074,1.5,0.074,160.905,90.0,1.54,-0.139,44.7,G,0,1,0,1,0,0,0,1,0,1.0,G034.2581+00.1533,2.1,0.015271615
G034.4032+00.2277,34.4032,0.22771,283.32777,1.41324,0.12,0.13,6.61,0.73,8.92,1.24,1.743,0.089,,1.866,0.141,1.627,0.111,25.671,19.182,0.42,0.022,15.5,G,0,0,0,0,0,0,0,0,0,1.3494705,G034.4032+00.2277,2.1,0.01774562
G034.5920+00.2434,34.59203,0.24337,283.39997,1.58843,0.17,0.13,6.13,0.66,20.23,2.4,2.725,0.13,2.3,3.391,0.249,2.19,0.133,73.414,5.164,0.36,0.0,19.2,G,0,0,0,0,0,0,0,0,0,3.300163,G034.5920+00.2434,16.4,0.21666303
G035.0242+00.3502,35.02419,0.3502,283.50203,2.02175,0.11,0.11,10.7,1.02,11.44,1.23,1.551,0.045,,1.604,0.068,1.5,0.06,48.072,20.859,0.36,0.004,28.3,G,0,0,0,0,0,0,0,0,0,1.0691589,G035.0242+00.3502,10.4,0.07820231
G035.0524-00.5177,35.0524,-0.51773,284.28764,1.65079,0.39,0.37,13.5,1.22,67.75,7.56,3.672,0.019,3.4,,,,,,,0.36,-0.032,36.6,P,0,1,0,0,0,0,1,1,0,5.0185184,G035.0524-00.5177,10.56,0.18799274
G035.4669+00.1394,35.46693,0.13942,283.89232,2.31964,0.13,0.13,33.35,2.97,317.6,29.36,5.118,0.006,4.9,,,,,,,0.38,-0.02,86.9,P,0,0,0,0,0,0,0,0,0,9.523239,G035.4669+00.1394,8.8,0.21835212
G035.5781-00.0305,35.57813,-0.03048,284.09403,2.34106,0.22,0.22,75.96,6.77,187.75,18.44,2.532,0.008,2.0,,,,,,,0.57,-0.042,131.9,P,0,0,0,1,0,0,0,0,0,2.4716957,G035.5781-00.0305,10.4,0.1276649
G036.4057+00.0226,36.40568,0.02256,284.4249,3.10152,0.11,0.1,14.53,1.36,22.34,2.21,1.86,0.046,1.1,1.942,0.07,1.781,0.061,103.204,13.194,0.38,0.0,37.6,G,0,1,0,0,1,0,0,1,0,1.5375086,G036.4057+00.0226,3.8,0.0342666
G036.4062+00.0221,36.40623,0.02206,284.4256,3.10178,0.11,0.11,7.94,0.81,9.31,1.15,1.624,0.065,,1.759,0.105,1.5,0.079,120.362,12.329,0.37,0.005,20.7,G,0,1,0,0,1,0,0,1,0,1.1725441,G036.4062+00.0221,3.8,0.029918792
G037.5457-00.1120,37.54572,-0.11199,285.06647,4.0536,0.13,0.13,34.46,3.07,406.46,41.28,8.179,0.012,8.0,,,,,,,0.35,-0.042,97.7,P,0,0,0,0,0,0,0,0,0,11.795125,G037.5457-00.1120,10.0,0.39652875
G037.7347-00.1128,37.73473,-0.11277,285.15412,4.22183,0.11,0.11,11.69,1.1,16.02,1.63,1.756,0.047,,1.903,0.075,1.62,0.058,51.182,7.472,0.35,-0.024,33.4,G,0,0,0,0,0,0,0,0,0,1.3704021,G037.7347-00.1128,10.3,0.0876872
G037.8197+00.4140,37.81975,0.41404,284.723,4.53819,0.93,0.92,3.34,0.36,25.99,4.33,4.263,0.049,4.0,,,,,,,0.35,-0.011,8.6,P,0,1,0,0,0,0,0,1,0,7.7814374,G037.8197+00.4140,12.2,0.25214455
G037.8209+00.4125,37.82092,0.41249,284.72517,4.53853,0.81,0.89,10.74,0.99,20.24,2.72,2.217,0.028,1.6,,,,,,,0.35,-0.014,29.8,P,0,1,0,0,0,0,0,1,0,1.8845438,G037.8209+00.4125,12.2,0.13112937
G037.8683-00.6008,37.86832,-0.60079,285.65069,4.11702,0.17,0.17,38.53,3.43,210.28,21.72,5.18,0.011,5.0,,,,,,,0.34,-0.014,113.9,P,0,0,0,0,0,0,1,0,0,5.457566,G037.8683-00.6008,10.0,0.25113326
G037.8731-00.3996,37.87308,-0.39961,285.47328,4.21437,0.1,0.1,255.65,22.75,2561.21,234.04,8.918,0.003,8.8,,,,,,,0.49,-0.005,524.0,P,0,0,0,1,1,0,1,0,0,10.018424,G037.8731-00.3996,9.4,0.40641508
G038.5493+00.1646,38.54934,0.16462,285.28156,5.0729,0.39,0.37,3.56,0.35,88.3,11.26,8.284,0.036,8.1,,,,,,,0.42,-0.024,7.6,P,0,0,0,0,0,0,0,0,0,24.803371,G038.5493+00.1646,2.07,0.083135195
G038.6465-00.2260,38.64647,-0.22602,285.67379,4.98063,0.21,0.2,4.12,0.58,11.52,1.98,2.507,0.213,2.0,2.585,0.316,2.432,0.288,70.0,77.073,0.38,-0.002,11.5,G,0,0,0,0,1,0,0,0,0,2.7961166,G038.6465-00.2260,4.7,0.05712505
G038.6529+00.0875,38.65286,0.08749,285.39693,5.12985,0.12,0.12,6.94,0.73,7.84,1.04,1.595,0.072,,1.632,0.106,1.559,0.097,39.13,52.234,0.39,0.0,17.4,G,0,0,0,0,0,0,0,0,0,1.129683,G038.6529+00.0875,17.1,0.13223039
G038.6934-00.4524,38.69335,-0.45241,285.89734,4.91856,0.13,0.17,6.2,0.68,19.88,2.44,2.687,0.136,2.2,3.18,0.244,2.27,0.15,169.577,7.415,0.36,-0.021,18.1,G,0,0,0,0,0,0,0,0,0,3.2064517,G038.6934-00.4524,9.9,0.12896661
G038.8756+00.3080,38.87564,0.308,285.30225,5.42878,0.14,0.13,77.93,6.94,311.31,29.87,3.573,0.006,3.2,,,,,,,0.34,-0.003,231.3,P,0,0,0,0,0,0,0,0,0,3.9947388,G038.8756+00.3080,15.9,0.2754258
G039.1956+00.2255,39.19557,0.22546,285.52325,5.67548,0.3,0.3,43.81,3.91,62.27,6.41,1.949,0.009,1.2,,,,,,,0.33,0.001,132.4,P,0,0,0,0,0,0,0,0,0,1.4213649,G039.1956+00.2255,15.9,0.15023926
G039.8824-00.3460,39.88236,-0.34602,286.35058,6.02406,0.14,0.14,48.46,4.32,276.87,26.38,3.806,0.006,3.5,,,,,,,0.35,0.003,136.3,P,0,0,0,0,0,0,0,0,0,5.7133718,G039.8824-00.3460,9.1,0.16791312
G040.4251+00.7002,40.42512,0.70017,285.66505,6.98573,1.99,1.96,4.8,0.51,11.1,2.42,2.948,0.075,2.5,,,,,,,0.39,-0.014,11.2,P,0,0,0,0,0,0,0,0,0,2.3125,G040.4251+00.7002,12.1,0.17293677
G041.7419+00.0973,41.7419,0.09733,286.81489,7.87876,0.17,0.16,41.62,3.71,227.4,23.95,5.614,0.012,5.4,,,,,,,0.33,-0.019,123.5,P,0,0,0,0,0,0,1,0,0,5.4637194,G041.7419+00.0973,11.8,0.3211655
G042.1090-00.4469,42.10901,-0.44691,287.47315,7.95412,0.11,0.11,9.88,0.94,14.8,1.53,1.836,0.052,1.1,1.922,0.08,1.754,0.069,7.668,14.968,0.31,-0.005,31.6,G,0,0,0,0,0,0,1,0,0,1.4979757,G042.1090-00.4469,8.8,0.0783303
G042.4345-00.2605,42.43453,-0.26049,287.4579,8.32889,0.32,0.31,21.95,1.97,83.65,9.25,3.633,0.016,3.3,,,,,,,0.35,0.011,61.3,P,0,1,0,0,0,0,0,1,0,3.8109338,G042.4345-00.2605,5.1,0.08982764
G043.1460+00.0139,43.14596,0.01389,287.54428,9.08714,0.19,0.18,76.36,6.83,694.6,69.66,6.222,0.013,6.0,,,,,,,1.57,0.042,47.8,P,0,1,0,1,1,0,1,1,0,9.096385,G043.1460+00.0139,11.1,0.3348324
G043.1489+00.0130,43.14894,0.01305,287.54601,9.08894,0.12,0.12,36.47,3.97,44.13,6.07,1.65,0.08,,1.761,0.127,1.546,0.1,147.686,19.084,1.69,-0.014,20.6,G,0,1,0,1,1,0,1,1,0,1.2100357,G043.1489+00.0130,11.1,0.088793546
G043.1520+00.0115,43.152,0.01149,287.54891,9.09087,0.35,0.34,111.08,9.95,306.63,34.78,2.606,0.014,2.1,,,,,,,1.55,-0.023,70.7,P,0,1,0,1,1,0,1,0,0,2.760443,G043.1520+00.0115,11.1,0.14023998
G043.1651-00.0283,43.1651,-0.02828,287.59169,9.08423,0.11,0.11,242.92,21.62,2714.29,262.82,9.606,0.008,9.5,,,,,,,1.43,0.031,169.0,P,0,0,0,1,1,0,1,0,0,11.173596,G043.1651-00.0283,11.1,0.5169399
G043.1652+00.0129,43.16517,0.0129,287.55373,9.10321,0.59,0.47,98.11,8.82,160.07,17.72,2.074,0.015,1.4,,,,,,,1.59,0.051,60.9,P,0,1,0,1,1,0,1,0,0,1.6315361,G043.1652+00.0129,11.1,0.111610785
G043.1657+00.0116,43.16574,0.01164,287.55513,9.10318,0.11,0.11,65.21,6.3,98.25,10.44,1.841,0.057,1.1,1.944,0.087,1.744,0.073,10.033,13.79,2.08,0.02,34.8,G,0,1,0,1,1,0,1,1,0,1.5066708,G043.1657+00.0116,11.1,0.09907207
G043.1665+00.0106,43.16648,0.01057,287.55646,9.10348,0.13,0.13,218.73,19.49,1365.68,125.16,3.684,0.004,3.4,,,,,,,1.58,-0.028,137.6,P,0,1,0,1,1,0,1,1,0,6.24368,G043.1665+00.0106,11.1,0.19825177
G043.1674+00.0128,43.16737,0.01282,287.55485,9.10516,1.03,0.91,61.62,5.62,74.54,9.28,1.732,0.022,,,,,,,,1.63,-0.184,36.9,P,0,1,0,1,1,0,1,1,0,1.2096722,G043.1674+00.0128,11.1,0.093206316
G043.1677+00.0196,43.16771,0.01957,287.549,9.10913,0.91,0.89,20.71,2.09,115.47,17.88,4.158,0.047,3.9,,,,,,,1.63,-0.071,11.7,P,0,0,0,1,1,0,1,0,0,5.5755677,G043.1677+00.0196,11.1,0.22375973
G043.1684+00.0087,43.16841,0.00866,287.55894,9.10417,0.53,0.52,78.74,7.13,185.25,21.98,2.305,0.018,1.8,,,,,,,1.69,-0.035,45.5,P,0,1,0,1,1,0,1,1,0,2.3526797,G043.1684+00.0087,11.1,0.124041885
G043.1684+00.0124,43.16844,0.01244,287.55568,9.10595,0.11,0.11,63.6,6.07,63.6,6.86,1.5,0.043,,1.5,0.061,1.5,0.061,15.438,90.0,2.25,-0.114,26.4,G,0,1,0,1,1,0,1,1,0,1.0,G043.1684+00.0124,11.1,0.08072141
G043.1699+00.0115,43.16992,0.0115,287.55722,9.10683,0.18,0.16,21.68,2.85,43.79,7.45,2.132,0.166,1.5,2.253,0.256,2.018,0.214,114.798,38.18,2.34,0.163,8.4,G,0,1,0,1,1,0,1,0,0,2.019834,G043.1699+00.0115,11.1,0.11473203
G043.1701+00.0078,43.17006,0.00783,287.56132,9.10533,0.14,0.15,90.46,8.08,1108.08,103.11,7.533,0.01,7.4,,,,,,,1.7,-0.064,52.3,P,0,1,0,1,1,0,1,1,1,12.249392,G043.1701+00.0078,11.1,0.4053829
G043.1706-00.0003,43.17064,-3.4E-4,287.56819,9.102,0.1,0.1,115.85,10.58,170.72,16.13,1.821,0.037,1.0,1.978,0.059,1.676,0.047,48.833,4.719,2.07,-0.252,56.0,G,0,1,0,1,0,0,1,1,0,1.4736297,G043.1706-00.0003,11.1,0.09799578
G043.1716+00.0001,43.17162,5.0E-5,287.56829,9.10305,0.28,0.29,16.42,2.81,51.74,11.17,2.663,0.314,2.2,2.907,0.505,2.439,0.39,141.201,36.46,2.08,-0.233,7.6,G,0,1,0,1,1,0,1,1,0,3.1510353,G043.1716+00.0001,11.1,0.1433074
G043.1720+00.0080,43.17204,0.00802,287.5613,9.10716,0.78,0.92,38.57,3.63,98.59,12.52,2.622,0.029,2.1,,,,,,,1.59,-0.103,23.3,P,0,1,0,1,1,0,1,1,1,2.5561316,G043.1720+00.0080,11.1,0.14110102
G043.1763+00.0248,43.17627,0.02478,287.54809,9.11851,0.62,0.62,24.92,2.39,159.42,21.7,4.514,0.035,4.3,,,,,,,1.55,0.064,15.2,P,0,0,0,1,1,0,1,0,0,6.397271,G043.1763+00.0248,11.1,0.2429176
G043.1778-00.5181,43.17775,-0.51806,288.03659,8.86833,0.25,0.25,12.49,1.13,181.65,23.04,7.157,0.026,7.0,,,,,,,0.46,-0.016,26.4,P,0,0,0,1,1,0,0,0,0,14.543634,G043.1778-00.5181,8.2,0.2845243
G043.2371-00.0453,43.2371,-0.0453,287.63962,9.14013,0.36,0.36,29.18,2.66,178.78,20.41,3.775,0.018,3.5,,,,,,,0.93,0.136,30.3,P,0,0,0,1,0,0,1,0,0,6.126799,G043.2371-00.0453,11.9,0.21779022
G043.3064-00.2114,43.30636,-0.21136,287.82103,9.12471,1.59,1.58,7.85,0.87,20.08,3.25,2.531,0.049,2.0,,,,,,,0.69,-0.011,10.4,P,0,0,0,1,0,0,1,0,0,2.5579617,G043.3064-00.2114,4.4,0.05399074
G043.7954-00.1274,43.79541,-0.12738,287.97512,9.59722,0.78,0.76,19.29,1.75,24.58,2.97,1.829,0.02,1.0,,,,,,,0.44,-0.005,43.1,P,0,1,0,0,0,0,0,1,0,1.2742352,G043.7954-00.1274,9.2,0.081578545
G043.7960-00.1286,43.79603,-0.12856,287.97653,9.59715,2.1,2.14,3.71,0.47,9.78,1.94,2.381,0.063,1.8,,,,,,,0.45,-0.017,7.4,P,0,1,0,0,0,0,0,1,0,2.6361184,G043.7960-00.1286,9.2,0.1061993
G043.8894-00.7840,43.8894,-0.78399,288.60878,9.37644,0.11,0.11,96.5,8.59,528.18,48.82,5.378,0.005,5.2,,,,,,,0.31,0.005,312.9,P,0,1,0,0,1,0,0,1,0,5.4733677,G043.8894-00.7840,4.4,0.11472233
G043.9675+00.9939,43.96752,0.99386,287.04596,10.2675,0.1,0.1,31.88,2.86,41.33,3.75,1.708,0.027,,1.716,0.039,1.7,0.039,16.116,44.41,0.33,-0.004,94.8,G,0,0,0,0,0,0,0,0,0,1.2964242,G043.9675+00.9939,14.1,0.1167566
G044.3103+00.0410,44.31025,0.04098,288.06554,10.13155,0.14,0.14,4.37,0.54,5.47,0.94,1.678,0.115,,1.878,0.199,1.5,0.131,48.919,15.24,0.38,0.009,10.1,G,0,0,0,0,0,0,0,0,0,1.2517163,G044.3103+00.0410,8.0,0.06508133
G044.4228+00.5377,44.42279,0.53772,287.67082,10.46108,0.14,0.16,3.74,0.51,4.27,0.87,1.603,0.132,,1.712,0.212,1.5,0.165,154.475,32.937,0.38,0.019,8.5,G,0,0,0,0,0,0,0,0,0,1.1417112,G044.4228+00.5377,17.9,0.13911086
G045.0694+00.1323,45.06939,0.1323,288.34105,10.84656,0.1,0.1,26.99,2.49,46.17,4.44,1.962,0.044,1.3,2.066,0.067,1.863,0.058,9.799,9.34,0.55,0.118,46.0,G,0,1,0,1,1,0,1,0,0,1.7106335,G045.0694+00.1323,4.4,0.041852955
G045.0712+00.1321,45.07116,0.13206,288.34214,10.84795,0.24,0.24,105.64,9.41,146.67,14.65,1.891,0.007,1.2,,,,,,,0.58,-0.021,180.6,P,0,1,0,1,1,0,1,0,0,1.3883946,G045.0712+00.1321,4.4,0.0403384
G045.1223+00.1321,45.12233,0.13206,288.36652,10.89325,0.1,0.1,299.72,26.68,2984.27,274.33,7.458,0.004,7.3,,,,,,,0.77,0.047,386.6,P,0,1,0,1,1,0,1,1,1,9.95686,G045.1223+00.1321,4.4,0.15909243
G045.1242+00.1356,45.12424,0.1356,288.36433,10.89664,1.01,1.05,8.43,0.87,62.55,11.86,4.833,0.058,4.6,,,,,,,0.81,0.015,9.5,P,0,1,0,1,1,0,1,1,0,7.4199286,G045.1242+00.1356,4.4,0.10309651
G045.4545+00.0591,45.4545,0.05908,288.58879,11.15325,0.13,0.13,61.84,5.51,1029.45,98.24,7.613,0.009,7.5,,,,,,,0.89,-0.091,68.6,P,0,1,0,1,0,0,1,1,1,16.646992,G045.4545+00.0591,7.2,0.26574358
G045.4559+00.0613,45.45595,0.06133,288.58788,11.156,0.28,0.2,10.18,1.33,51.59,7.58,3.377,0.258,3.0,3.928,0.444,2.903,0.298,97.439,13.26,1.0,-0.006,9.6,G,0,1,0,1,0,0,1,1,1,5.06778,G045.4559+00.0613,7.2,0.11787943
G045.4656+00.0452,45.46557,0.04515,288.60704,11.15701,0.1,0.1,48.33,4.38,62.26,5.79,1.703,0.032,,1.856,0.05,1.562,0.04,172.498,3.686,0.87,-0.084,53.5,G,0,0,0,1,0,0,1,0,0,1.2882267,G045.4656+00.0452,6.0,0.04953821
G048.6099+00.0270,48.60992,0.02697,290.12766,13.92839,0.3,0.29,8.53,0.78,131.22,15.55,7.059,0.025,6.9,,,,,,,0.48,0.025,16.7,P,0,0,0,1,0,0,1,0,0,15.383353,G048.6099+00.0270,10.75,0.36789688
G048.9296-00.2793,48.92959,-0.27926,290.56244,14.06685,0.26,0.26,12.15,1.12,185.39,19.22,6.158,0.018,6.0,,,,,,,0.67,0.01,17.1,P,0,0,0,1,1,0,0,0,0,15.258436,G048.9296-00.2793,5.4,0.1612159
G048.9901-00.2988,48.9901,-0.29878,290.60881,14.11101,0.21,0.15,5.44,0.81,7.53,1.66,1.764,0.17,,2.073,0.318,1.5,0.176,71.67,14.238,0.61,-0.027,8.0,G,0,0,0,1,1,0,0,0,0,1.3841912,G048.9901-00.2988,5.4,0.046181373
G049.2679-00.3374,49.26792,-0.33743,290.77918,14.33773,0.4,0.45,5.97,0.78,102.61,14.03,6.216,0.497,6.0,6.545,0.744,5.905,0.664,3.996,43.483,0.83,-0.191,7.6,G,0,0,0,1,0,0,1,0,0,17.187605,G049.2679-00.3374,5.4,0.16273436
G049.3666-00.3010,49.36663,-0.30104,290.79419,14.44191,0.36,0.55,29.71,5.72,180.93,40.14,3.702,0.505,3.4,4.5,0.915,3.045,0.554,14.235,18.289,3.37,-0.675,9.6,G,0,1,0,1,0,0,1,0,0,6.0898685,G049.3666-00.3010,5.4,0.09691804
G049.4905-00.3688,49.49053,-0.36881,290.91637,14.51927,0.14,0.14,335.65,29.97,3821.72,365.24,5.758,0.008,5.6,,,,,,,5.04,-0.044,65.7,P,0,0,0,1,0,0,1,0,0,11.386027,G049.4905-00.3688,5.4,0.15074395
G050.3152+00.6762,50.31525,0.67623,290.36462,15.7392,0.23,0.21,46.28,4.12,81.31,8.07,2.107,0.007,1.5,,,,,,,0.26,-0.013,176.8,P,0,1,0,0,0,0,0,1,0,1.7569144,G050.3152+00.6762,1.9,0.01940853
G051.6785+00.7193,51.67854,0.71934,290.9951,16.96154,0.1,0.1,15.87,1.43,22.55,2.07,1.788,0.032,,1.984,0.051,1.612,0.039,2.741,2.641,0.23,0.0,66.0,G,0,0,0,0,0,0,0,0,0,1.4209199,G051.6785+00.7193,10.5,0.09101883
G052.7533+00.3340,52.75329,0.33397,291.88421,17.72412,0.11,0.11,16.62,1.48,386.03,36.54,8.66,0.007,8.5,,,,,,,0.24,-0.013,67.3,P,0,0,0,0,0,0,0,0,0,23.226833,G052.7533+00.3340,9.3,0.39045888
G053.9589+00.0320,53.95892,0.03201,292.77174,18.63803,0.35,0.35,21.48,1.92,46.0,4.73,2.315,0.011,1.8,,,,,,,0.28,-0.004,75.1,P,0,0,0,0,0,0,0,0,0,2.141527,G053.9589+00.0320,5.0,0.056117136
G058.7739+00.6457,58.77387,0.6457,294.70272,23.14448,0.47,0.4,1.44,0.27,4.76,1.18,2.724,0.398,2.3,3.955,0.947,1.876,0.314,128.499,8.252,0.24,0.006,8.3,G,0,0,0,0,0,0,0,0,0,3.3055556,G058.7739+00.6457,4.4,0.05810778
G059.6027+00.9118,59.60268,0.91183,294.89437,23.99699,0.1,0.1,53.77,4.79,68.76,6.14,1.696,0.025,,1.72,0.035,1.673,0.034,41.386,6.904,0.24,0.013,214.9,G,0,0,0,0,0,0,0,0,0,1.27878,G059.6027+00.9118,4.2,0.034534212
G060.8842-00.1286,60.88422,-0.12861,296.58393,24.59146,0.1,0.1,18.67,1.76,18.67,1.96,1.5,0.04,,1.5,0.057,1.5,0.057,1.146,90.0,0.49,-0.061,47.8,G,0,1,0,1,0,0,0,1,0,1.0,G060.8842-00.1286,2.16,0.01570795
G061.7207+00.8630,61.72069,0.86297,296.09849,25.81206,0.18,0.18,39.06,3.48,101.3,9.82,2.428,0.006,1.9,,,,,,,0.23,0.006,171.0,P,0,0,0,0,0,0,0,0,0,2.593446,G061.7207+00.8630,13.99,0.16467999
